query	q0	docid	score	rank	model
8	0	s_2785_707_0	0.977257251739502	1	distilbert-base-uncased-emotion
8	0	s_2540_521_3	0.9750335216522217	2	distilbert-base-uncased-emotion
8	0	s_2380_113_0	0.9745349884033203	3	distilbert-base-uncased-emotion
8	0	s_370_314_0	0.9710850119590759	4	distilbert-base-uncased-emotion
8	0	s_2542_1803_6	0.9710695743560791	5	distilbert-base-uncased-emotion
8	0	s_2349_580_0	0.9698312282562256	6	distilbert-base-uncased-emotion
8	0	s_1189_520_1	0.9685602188110352	7	distilbert-base-uncased-emotion
8	0	s_1045_143_10	0.9637666940689087	8	distilbert-base-uncased-emotion
8	0	s_530_69_3	0.9634415507316589	9	distilbert-base-uncased-emotion
8	0	s_1922_205_0	0.9631868004798889	10	distilbert-base-uncased-emotion
8	0	s_2578_958_1	0.9591830372810364	11	distilbert-base-uncased-emotion
8	0	s_1404_968_2	0.9571264386177063	12	distilbert-base-uncased-emotion
8	0	s_2411_91_0	0.9570612907409668	13	distilbert-base-uncased-emotion
8	0	s_2983_1371_1	0.956939697265625	14	distilbert-base-uncased-emotion
8	0	s_1256_156_0	0.9568303227424622	15	distilbert-base-uncased-emotion
8	0	s_1160_120_1	0.954116702079773	16	distilbert-base-uncased-emotion
8	0	s_1601_65_18	0.9537922143936157	17	distilbert-base-uncased-emotion
8	0	s_136_255_1	0.9534680843353271	18	distilbert-base-uncased-emotion
8	0	s_195_705_35	0.9507279992103577	19	distilbert-base-uncased-emotion
8	0	s_1499_1104_44	0.9497030973434448	20	distilbert-base-uncased-emotion
8	0	s_1352_800_2	0.9491302967071533	21	distilbert-base-uncased-emotion
8	0	s_2330_916_0	0.9489281177520752	22	distilbert-base-uncased-emotion
8	0	s_835_42_70	0.948915958404541	23	distilbert-base-uncased-emotion
8	0	s_752_58_1	0.947142481803894	24	distilbert-base-uncased-emotion
8	0	s_1147_1270_5	0.9467300176620483	25	distilbert-base-uncased-emotion
8	0	s_1905_31_15	0.9465991258621216	26	distilbert-base-uncased-emotion
8	0	s_1801_356_1	0.946544885635376	27	distilbert-base-uncased-emotion
8	0	s_1353_1113_0	0.9465407133102417	28	distilbert-base-uncased-emotion
8	0	s_2372_493_4	0.9462944269180298	29	distilbert-base-uncased-emotion
8	0	s_1160_171_5	0.9457974433898926	30	distilbert-base-uncased-emotion
8	0	s_447_739_2	0.9456467032432556	31	distilbert-base-uncased-emotion
8	0	s_1030_667_0	0.9453129172325134	32	distilbert-base-uncased-emotion
8	0	s_1164_12_1	0.945215106010437	33	distilbert-base-uncased-emotion
8	0	s_2035_646_0	0.9451299905776978	34	distilbert-base-uncased-emotion
8	0	s_2291_199_0	0.9450872540473938	35	distilbert-base-uncased-emotion
8	0	s_2280_12_0	0.945026695728302	36	distilbert-base-uncased-emotion
8	0	s_1514_858_26	0.9449563026428223	37	distilbert-base-uncased-emotion
8	0	s_1738_386_1	0.9446489810943604	38	distilbert-base-uncased-emotion
8	0	s_2480_568_1	0.9445866346359253	39	distilbert-base-uncased-emotion
8	0	s_1597_605_1	0.9443085193634033	40	distilbert-base-uncased-emotion
8	0	s_1517_1037_0	0.9443010687828064	41	distilbert-base-uncased-emotion
8	0	s_1230_846_1	0.9442698955535889	42	distilbert-base-uncased-emotion
8	0	s_1974_176_2	0.9440387487411499	43	distilbert-base-uncased-emotion
8	0	s_2035_910_3	0.9440215826034546	44	distilbert-base-uncased-emotion
8	0	s_2953_839_6	0.9438494443893433	45	distilbert-base-uncased-emotion
8	0	s_2593_538_0	0.9438369870185852	46	distilbert-base-uncased-emotion
8	0	s_3042_11_1	0.943784236907959	47	distilbert-base-uncased-emotion
8	0	s_2415_53_1	0.9435933828353882	48	distilbert-base-uncased-emotion
8	0	s_2850_640_0	0.9435843229293823	49	distilbert-base-uncased-emotion
8	0	s_1278_106_29	0.9435330629348755	50	distilbert-base-uncased-emotion
8	0	s_555_234_0	0.943413496017456	51	distilbert-base-uncased-emotion
8	0	s_467_306_0	0.9433571100234985	52	distilbert-base-uncased-emotion
8	0	s_2372_596_1	0.9433562755584717	53	distilbert-base-uncased-emotion
8	0	s_2748_240_0	0.9433337450027466	54	distilbert-base-uncased-emotion
8	0	s_769_103_7	0.9427613019943237	55	distilbert-base-uncased-emotion
8	0	s_2606_309_5	0.9424033761024475	56	distilbert-base-uncased-emotion
8	0	s_2678_282_0	0.9423375129699707	57	distilbert-base-uncased-emotion
8	0	s_840_700_7	0.9422906637191772	58	distilbert-base-uncased-emotion
8	0	s_2565_11_13	0.9422432780265808	59	distilbert-base-uncased-emotion
8	0	s_2372_66_3	0.9421130418777466	60	distilbert-base-uncased-emotion
8	0	s_740_811_0	0.9420913457870483	61	distilbert-base-uncased-emotion
8	0	s_2396_10_0	0.9420480728149414	62	distilbert-base-uncased-emotion
8	0	s_3044_143_3	0.9420191049575806	63	distilbert-base-uncased-emotion
8	0	s_1266_50_116	0.9419127702713013	64	distilbert-base-uncased-emotion
8	0	s_548_507_1	0.9418162107467651	65	distilbert-base-uncased-emotion
8	0	s_1731_58_0	0.9415364861488342	66	distilbert-base-uncased-emotion
8	0	s_697_348_3	0.9415303468704224	67	distilbert-base-uncased-emotion
8	0	s_234_239_1	0.941453754901886	68	distilbert-base-uncased-emotion
8	0	s_1551_163_8	0.9413952231407166	69	distilbert-base-uncased-emotion
8	0	s_2554_845_1	0.9413543939590454	70	distilbert-base-uncased-emotion
8	0	s_591_1406_0	0.9413044452667236	71	distilbert-base-uncased-emotion
8	0	s_2100_190_21	0.9412275552749634	72	distilbert-base-uncased-emotion
8	0	s_1455_358_1	0.9411857724189758	73	distilbert-base-uncased-emotion
8	0	s_664_105_1	0.9411271810531616	74	distilbert-base-uncased-emotion
8	0	s_17_877_14	0.9410340785980225	75	distilbert-base-uncased-emotion
8	0	s_2354_637_2	0.9410181641578674	76	distilbert-base-uncased-emotion
8	0	s_1692_581_2	0.9408484697341919	77	distilbert-base-uncased-emotion
8	0	s_1692_754_88	0.9407833814620972	78	distilbert-base-uncased-emotion
8	0	s_681_486_7	0.9407775402069092	79	distilbert-base-uncased-emotion
8	0	s_2304_156_0	0.9407562613487244	80	distilbert-base-uncased-emotion
8	0	s_258_126_8	0.9407235383987427	81	distilbert-base-uncased-emotion
8	0	s_436_131_116	0.9407147169113159	82	distilbert-base-uncased-emotion
8	0	s_1625_934_3	0.9407099485397339	83	distilbert-base-uncased-emotion
8	0	s_2563_1655_0	0.9406993389129639	84	distilbert-base-uncased-emotion
8	0	s_1692_384_98	0.9405620098114014	85	distilbert-base-uncased-emotion
8	0	s_2085_1417_1	0.9404581785202026	86	distilbert-base-uncased-emotion
8	0	s_1132_701_3	0.9403077960014343	87	distilbert-base-uncased-emotion
8	0	s_2345_242_2	0.9402971863746643	88	distilbert-base-uncased-emotion
8	0	s_2953_733_0	0.9402157068252563	89	distilbert-base-uncased-emotion
8	0	s_1513_1051_3	0.9401837587356567	90	distilbert-base-uncased-emotion
8	0	s_18_811_66	0.9399920701980591	91	distilbert-base-uncased-emotion
8	0	s_2628_20_1	0.9399641752243042	92	distilbert-base-uncased-emotion
8	0	s_1438_826_1	0.9398987889289856	93	distilbert-base-uncased-emotion
8	0	s_2393_791_0	0.9397878050804138	94	distilbert-base-uncased-emotion
8	0	s_1116_1189_0	0.9397518634796143	95	distilbert-base-uncased-emotion
8	0	s_597_419_7	0.9396660327911377	96	distilbert-base-uncased-emotion
8	0	s_195_483_0	0.9396111965179443	97	distilbert-base-uncased-emotion
8	0	s_2035_792_4	0.9394992589950562	98	distilbert-base-uncased-emotion
8	0	s_2986_240_2	0.9394715428352356	99	distilbert-base-uncased-emotion
8	0	s_1519_65_0	0.9394330978393555	100	distilbert-base-uncased-emotion
8	0	s_2958_252_0	0.9393131732940674	101	distilbert-base-uncased-emotion
8	0	s_1636_566_4	0.9392330646514893	102	distilbert-base-uncased-emotion
8	0	s_1230_277_8	0.9391873478889465	103	distilbert-base-uncased-emotion
8	0	s_2414_185_46	0.9391217231750488	104	distilbert-base-uncased-emotion
8	0	s_701_466_2	0.9390170574188232	105	distilbert-base-uncased-emotion
8	0	s_2974_518_2	0.9389375448226929	106	distilbert-base-uncased-emotion
8	0	s_2951_1258_0	0.9389312267303467	107	distilbert-base-uncased-emotion
8	0	s_2447_475_0	0.9389229416847229	108	distilbert-base-uncased-emotion
8	0	s_1580_37_2	0.9388995170593262	109	distilbert-base-uncased-emotion
8	0	s_2415_563_9	0.9388428926467896	110	distilbert-base-uncased-emotion
8	0	s_1551_98_2	0.9388167858123779	111	distilbert-base-uncased-emotion
8	0	s_411_245_1	0.9387909173965454	112	distilbert-base-uncased-emotion
8	0	s_2130_712_2	0.9387623071670532	113	distilbert-base-uncased-emotion
8	0	s_1652_365_1	0.9387221336364746	114	distilbert-base-uncased-emotion
8	0	s_782_573_10	0.9386460185050964	115	distilbert-base-uncased-emotion
8	0	s_2117_695_1	0.9386431574821472	116	distilbert-base-uncased-emotion
8	0	s_2825_37_4	0.9386044144630432	117	distilbert-base-uncased-emotion
8	0	s_2211_159_9	0.9385822415351868	118	distilbert-base-uncased-emotion
8	0	s_2015_23_1	0.9383611679077148	119	distilbert-base-uncased-emotion
8	0	s_447_972_0	0.9382460117340088	120	distilbert-base-uncased-emotion
8	0	s_2706_1091_9	0.9382295608520508	121	distilbert-base-uncased-emotion
8	0	s_2369_475_0	0.9381859302520752	122	distilbert-base-uncased-emotion
8	0	s_183_1005_1	0.9381825923919678	123	distilbert-base-uncased-emotion
8	0	s_1551_0_41	0.9381387233734131	124	distilbert-base-uncased-emotion
8	0	s_1187_47_2	0.9381082057952881	125	distilbert-base-uncased-emotion
8	0	s_597_355_1	0.9380626678466797	126	distilbert-base-uncased-emotion
8	0	s_86_327_0	0.9379510879516602	127	distilbert-base-uncased-emotion
8	0	s_2729_789_0	0.9379070401191711	128	distilbert-base-uncased-emotion
8	0	s_924_783_5	0.9378679990768433	129	distilbert-base-uncased-emotion
8	0	s_2395_33_0	0.9378271698951721	130	distilbert-base-uncased-emotion
8	0	s_1940_555_1	0.9375959634780884	131	distilbert-base-uncased-emotion
8	0	s_2089_546_2	0.9374819993972778	132	distilbert-base-uncased-emotion
8	0	s_1116_218_2	0.9374350309371948	133	distilbert-base-uncased-emotion
8	0	s_302_16_1	0.9373385310173035	134	distilbert-base-uncased-emotion
8	0	s_1037_1010_1	0.9373074173927307	135	distilbert-base-uncased-emotion
8	0	s_577_1228_1	0.9372438192367554	136	distilbert-base-uncased-emotion
8	0	s_3065_414_1	0.9371125102043152	137	distilbert-base-uncased-emotion
8	0	s_2815_1051_58	0.937045156955719	138	distilbert-base-uncased-emotion
8	0	s_555_748_1	0.9370286464691162	139	distilbert-base-uncased-emotion
8	0	s_2593_496_5	0.9369532465934753	140	distilbert-base-uncased-emotion
8	0	s_1225_551_0	0.9369416832923889	141	distilbert-base-uncased-emotion
8	0	s_1601_794_0	0.9369404315948486	142	distilbert-base-uncased-emotion
8	0	s_1324_577_7	0.9368739724159241	143	distilbert-base-uncased-emotion
8	0	s_2284_1986_3	0.9368377923965454	144	distilbert-base-uncased-emotion
8	0	s_782_6_13	0.9367625713348389	145	distilbert-base-uncased-emotion
8	0	s_1083_92_0	0.9367526173591614	146	distilbert-base-uncased-emotion
8	0	s_2462_45_0	0.9367479681968689	147	distilbert-base-uncased-emotion
8	0	s_2248_568_4	0.9367250204086304	148	distilbert-base-uncased-emotion
8	0	s_1738_264_1	0.9366974830627441	149	distilbert-base-uncased-emotion
8	0	s_2963_0_3	0.936682939529419	150	distilbert-base-uncased-emotion
8	0	s_116_619_2	0.9366356134414673	151	distilbert-base-uncased-emotion
8	0	s_1754_797_1	0.9366238117218018	152	distilbert-base-uncased-emotion
8	0	s_1095_113_1	0.9366104006767273	153	distilbert-base-uncased-emotion
8	0	s_3072_794_0	0.9366039633750916	154	distilbert-base-uncased-emotion
8	0	s_316_646_1	0.9364827275276184	155	distilbert-base-uncased-emotion
8	0	s_597_1379_2	0.9364607334136963	156	distilbert-base-uncased-emotion
8	0	s_1108_62_2	0.9364492297172546	157	distilbert-base-uncased-emotion
8	0	s_1551_97_4	0.9364266395568848	158	distilbert-base-uncased-emotion
8	0	s_2183_10_1	0.9364047050476074	159	distilbert-base-uncased-emotion
8	0	s_2415_1147_0	0.9362705945968628	160	distilbert-base-uncased-emotion
8	0	s_2971_589_1	0.9362672567367554	161	distilbert-base-uncased-emotion
8	0	s_335_3_133	0.9361441731452942	162	distilbert-base-uncased-emotion
8	0	s_975_82_1	0.9361302852630615	163	distilbert-base-uncased-emotion
8	0	s_1226_340_0	0.9361153841018677	164	distilbert-base-uncased-emotion
8	0	s_2958_172_1	0.9361028671264648	165	distilbert-base-uncased-emotion
8	0	s_2070_41_16	0.9360377788543701	166	distilbert-base-uncased-emotion
8	0	s_2180_31_44	0.9360148310661316	167	distilbert-base-uncased-emotion
8	0	s_1175_1269_0	0.9359523057937622	168	distilbert-base-uncased-emotion
8	0	s_12_208_0	0.9358885884284973	169	distilbert-base-uncased-emotion
8	0	s_1725_307_0	0.9358807802200317	170	distilbert-base-uncased-emotion
8	0	s_1905_30_46	0.9358187317848206	171	distilbert-base-uncased-emotion
8	0	s_2401_49_1	0.935779869556427	172	distilbert-base-uncased-emotion
8	0	s_664_104_34	0.9357789754867554	173	distilbert-base-uncased-emotion
8	0	s_3102_356_0	0.9357531070709229	174	distilbert-base-uncased-emotion
8	0	s_954_893_3	0.9356884956359863	175	distilbert-base-uncased-emotion
8	0	s_2401_115_3	0.9356534481048584	176	distilbert-base-uncased-emotion
8	0	s_8_492_1	0.9356387853622437	177	distilbert-base-uncased-emotion
8	0	s_1177_291_0	0.9356015920639038	178	distilbert-base-uncased-emotion
8	0	s_2259_215_5	0.9355670809745789	179	distilbert-base-uncased-emotion
8	0	s_258_345_12	0.9355310201644897	180	distilbert-base-uncased-emotion
8	0	s_1324_863_1	0.9354843497276306	181	distilbert-base-uncased-emotion
8	0	s_1132_245_0	0.9354796409606934	182	distilbert-base-uncased-emotion
8	0	s_71_170_1	0.9354780912399292	183	distilbert-base-uncased-emotion
8	0	s_526_1185_0	0.9354757070541382	184	distilbert-base-uncased-emotion
8	0	s_697_348_7	0.9354699850082397	185	distilbert-base-uncased-emotion
8	0	s_2917_68_3	0.9353823661804199	186	distilbert-base-uncased-emotion
8	0	s_1498_191_0	0.935349702835083	187	distilbert-base-uncased-emotion
8	0	s_2396_10_1	0.9353431463241577	188	distilbert-base-uncased-emotion
8	0	s_2681_630_2	0.9353336095809937	189	distilbert-base-uncased-emotion
8	0	s_2398_653_4	0.9353030920028687	190	distilbert-base-uncased-emotion
8	0	s_1370_598_0	0.9352894425392151	191	distilbert-base-uncased-emotion
8	0	s_970_92_1	0.9352235198020935	192	distilbert-base-uncased-emotion
8	0	s_1255_68_1	0.9351774454116821	193	distilbert-base-uncased-emotion
8	0	s_356_186_14	0.9351741075515747	194	distilbert-base-uncased-emotion
8	0	s_970_47_2	0.9351706504821777	195	distilbert-base-uncased-emotion
8	0	s_1404_316_5	0.9351515769958496	196	distilbert-base-uncased-emotion
8	0	s_1157_7_2	0.9351502656936646	197	distilbert-base-uncased-emotion
8	0	s_2988_895_10	0.935135006904602	198	distilbert-base-uncased-emotion
8	0	s_484_1317_1	0.9350591897964478	199	distilbert-base-uncased-emotion
8	0	s_188_114_3	0.9350394010543823	200	distilbert-base-uncased-emotion
8	0	s_922_126_0	0.935021162033081	201	distilbert-base-uncased-emotion
8	0	s_1749_79_0	0.9350133538246155	202	distilbert-base-uncased-emotion
8	0	s_3047_906_29	0.9349346160888672	203	distilbert-base-uncased-emotion
8	0	s_888_1402_3	0.9349235892295837	204	distilbert-base-uncased-emotion
8	0	s_2007_780_0	0.9348849654197693	205	distilbert-base-uncased-emotion
8	0	s_1415_1075_0	0.9348761439323425	206	distilbert-base-uncased-emotion
8	0	s_2391_154_0	0.9348544478416443	207	distilbert-base-uncased-emotion
8	0	s_1265_23_2	0.9347948431968689	208	distilbert-base-uncased-emotion
8	0	s_13_595_2	0.9347940683364868	209	distilbert-base-uncased-emotion
8	0	s_1061_1777_2	0.9347940683364868	210	distilbert-base-uncased-emotion
8	0	s_7_41_4	0.9347814321517944	211	distilbert-base-uncased-emotion
8	0	s_1053_333_203	0.9347645044326782	212	distilbert-base-uncased-emotion
8	0	s_2953_488_3	0.9347605109214783	213	distilbert-base-uncased-emotion
8	0	s_2354_145_1	0.9346634149551392	214	distilbert-base-uncased-emotion
8	0	s_433_808_10	0.934653639793396	215	distilbert-base-uncased-emotion
8	0	s_691_540_2	0.934648871421814	216	distilbert-base-uncased-emotion
8	0	s_2675_1461_2	0.9345862865447998	217	distilbert-base-uncased-emotion
8	0	s_3042_50_6	0.9345738887786865	218	distilbert-base-uncased-emotion
8	0	s_1959_1070_0	0.9345697164535522	219	distilbert-base-uncased-emotion
8	0	s_2415_600_3	0.9345570802688599	220	distilbert-base-uncased-emotion
8	0	s_313_1134_0	0.9345471262931824	221	distilbert-base-uncased-emotion
8	0	s_987_106_4	0.9345440864562988	222	distilbert-base-uncased-emotion
8	0	s_1014_919_14	0.9345426559448242	223	distilbert-base-uncased-emotion
8	0	s_2401_25_2	0.9345290660858154	224	distilbert-base-uncased-emotion
8	0	s_683_926_0	0.9345069527626038	225	distilbert-base-uncased-emotion
8	0	s_2176_1074_0	0.9344848394393921	226	distilbert-base-uncased-emotion
8	0	s_1746_430_0	0.9344577789306641	227	distilbert-base-uncased-emotion
8	0	s_682_818_0	0.9343836307525635	228	distilbert-base-uncased-emotion
8	0	s_3009_170_5	0.9343466758728027	229	distilbert-base-uncased-emotion
8	0	s_700_41_7	0.9343030452728271	230	distilbert-base-uncased-emotion
8	0	s_316_826_0	0.934296190738678	231	distilbert-base-uncased-emotion
8	0	s_930_183_1	0.9342084527015686	232	distilbert-base-uncased-emotion
8	0	s_2393_793_0	0.9341723918914795	233	distilbert-base-uncased-emotion
8	0	s_2415_193_3	0.9341340661048889	234	distilbert-base-uncased-emotion
8	0	s_1384_1156_3	0.9341214895248413	235	distilbert-base-uncased-emotion
8	0	s_1581_1009_1	0.9341027140617371	236	distilbert-base-uncased-emotion
8	0	s_2130_310_17	0.9340994954109192	237	distilbert-base-uncased-emotion
8	0	s_2184_389_1	0.9339951872825623	238	distilbert-base-uncased-emotion
8	0	s_1767_557_0	0.9339022636413574	239	distilbert-base-uncased-emotion
8	0	s_2886_69_10	0.9338971376419067	240	distilbert-base-uncased-emotion
8	0	s_435_604_0	0.933896541595459	241	distilbert-base-uncased-emotion
8	0	s_949_937_3	0.9338765740394592	242	distilbert-base-uncased-emotion
8	0	s_2642_215_0	0.9338623881340027	243	distilbert-base-uncased-emotion
8	0	s_1822_371_1	0.9338456392288208	244	distilbert-base-uncased-emotion
8	0	s_1072_457_0	0.9338225722312927	245	distilbert-base-uncased-emotion
8	0	s_2263_378_0	0.933799147605896	246	distilbert-base-uncased-emotion
8	0	s_2061_399_1	0.9337480068206787	247	distilbert-base-uncased-emotion
8	0	s_1382_778_0	0.9337264895439148	248	distilbert-base-uncased-emotion
8	0	s_767_577_1	0.9337218999862671	249	distilbert-base-uncased-emotion
8	0	s_2215_167_3	0.9336709380149841	250	distilbert-base-uncased-emotion
8	0	s_1285_646_0	0.9336538910865784	251	distilbert-base-uncased-emotion
8	0	s_558_111_9	0.9336234331130981	252	distilbert-base-uncased-emotion
8	0	s_552_481_8	0.9335262775421143	253	distilbert-base-uncased-emotion
8	0	s_2832_255_0	0.933508574962616	254	distilbert-base-uncased-emotion
8	0	s_340_291_0	0.933497428894043	255	distilbert-base-uncased-emotion
8	0	s_1382_68_1	0.9334930777549744	256	distilbert-base-uncased-emotion
8	0	s_71_215_0	0.9334890246391296	257	distilbert-base-uncased-emotion
8	0	s_1077_588_8	0.9334800839424133	258	distilbert-base-uncased-emotion
8	0	s_2143_358_13	0.9334498643875122	259	distilbert-base-uncased-emotion
8	0	s_1390_773_1	0.933418869972229	260	distilbert-base-uncased-emotion
8	0	s_1103_25_9	0.9333926439285278	261	distilbert-base-uncased-emotion
8	0	s_2815_1051_12	0.93337482213974	262	distilbert-base-uncased-emotion
8	0	s_222_665_0	0.9333325624465942	263	distilbert-base-uncased-emotion
8	0	s_187_637_3	0.9333096742630005	264	distilbert-base-uncased-emotion
8	0	s_638_861_0	0.9332911968231201	265	distilbert-base-uncased-emotion
8	0	s_2618_251_0	0.9332476854324341	266	distilbert-base-uncased-emotion
8	0	s_1777_46_7	0.9332420825958252	267	distilbert-base-uncased-emotion
8	0	s_1404_769_6	0.9332160353660583	268	distilbert-base-uncased-emotion
8	0	s_2993_540_1	0.9331871867179871	269	distilbert-base-uncased-emotion
8	0	s_1426_433_0	0.9331845045089722	270	distilbert-base-uncased-emotion
8	0	s_2510_408_0	0.9331499934196472	271	distilbert-base-uncased-emotion
8	0	s_2598_387_0	0.9331433176994324	272	distilbert-base-uncased-emotion
8	0	s_1053_458_247	0.933138370513916	273	distilbert-base-uncased-emotion
8	0	s_341_590_2	0.9331163763999939	274	distilbert-base-uncased-emotion
8	0	s_984_960_1	0.9331092834472656	275	distilbert-base-uncased-emotion
8	0	s_17_808_1	0.9330997467041016	276	distilbert-base-uncased-emotion
8	0	s_1854_744_0	0.9330792427062988	277	distilbert-base-uncased-emotion
8	0	s_1001_412_0	0.9330683350563049	278	distilbert-base-uncased-emotion
8	0	s_1355_985_0	0.9330123066902161	279	distilbert-base-uncased-emotion
8	0	s_12_977_2	0.9329304695129395	280	distilbert-base-uncased-emotion
8	0	s_131_822_0	0.9329198002815247	281	distilbert-base-uncased-emotion
8	0	s_2608_1824_3	0.9329099655151367	282	distilbert-base-uncased-emotion
8	0	s_2993_388_17	0.9329091310501099	283	distilbert-base-uncased-emotion
8	0	s_941_7_2	0.9328992366790771	284	distilbert-base-uncased-emotion
8	0	s_597_988_0	0.9328957200050354	285	distilbert-base-uncased-emotion
8	0	s_1725_689_71	0.9328942894935608	286	distilbert-base-uncased-emotion
8	0	s_993_936_5	0.9328690767288208	287	distilbert-base-uncased-emotion
8	0	s_2415_533_4	0.9328567981719971	288	distilbert-base-uncased-emotion
8	0	s_1513_380_2	0.9328193664550781	289	distilbert-base-uncased-emotion
8	0	s_1933_175_46	0.9328078627586365	290	distilbert-base-uncased-emotion
8	0	s_3003_272_0	0.932776927947998	291	distilbert-base-uncased-emotion
8	0	s_2415_114_8	0.932776927947998	292	distilbert-base-uncased-emotion
8	0	s_890_205_0	0.9327178001403809	293	distilbert-base-uncased-emotion
8	0	s_552_260_0	0.9326795339584351	294	distilbert-base-uncased-emotion
8	0	s_2966_877_0	0.9326335191726685	295	distilbert-base-uncased-emotion
8	0	s_1974_456_1	0.9326317310333252	296	distilbert-base-uncased-emotion
8	0	s_1952_1199_0	0.9326250553131104	297	distilbert-base-uncased-emotion
8	0	s_2894_440_0	0.9326095581054688	298	distilbert-base-uncased-emotion
8	0	s_2560_109_0	0.932602047920227	299	distilbert-base-uncased-emotion
8	0	s_73_276_0	0.9325968027114868	300	distilbert-base-uncased-emotion
8	0	s_655_202_10	0.9325958490371704	301	distilbert-base-uncased-emotion
8	0	s_1601_727_0	0.9325824975967407	302	distilbert-base-uncased-emotion
8	0	s_1661_5_0	0.9325432181358337	303	distilbert-base-uncased-emotion
8	0	s_404_42_0	0.932540774345398	304	distilbert-base-uncased-emotion
8	0	s_2188_336_0	0.9325385093688965	305	distilbert-base-uncased-emotion
8	0	s_543_197_0	0.932524561882019	306	distilbert-base-uncased-emotion
8	0	s_1496_173_3	0.9324748516082764	307	distilbert-base-uncased-emotion
8	0	s_808_480_0	0.9324742555618286	308	distilbert-base-uncased-emotion
8	0	s_738_557_0	0.9323995113372803	309	distilbert-base-uncased-emotion
8	0	s_2519_456_0	0.9323877096176147	310	distilbert-base-uncased-emotion
8	0	s_597_312_0	0.9323740601539612	311	distilbert-base-uncased-emotion
8	0	s_2913_774_0	0.9323667287826538	312	distilbert-base-uncased-emotion
8	0	s_710_163_0	0.9323613047599792	313	distilbert-base-uncased-emotion
8	0	s_1826_2_3	0.9323430061340332	314	distilbert-base-uncased-emotion
8	0	s_2200_12_3	0.9322313070297241	315	distilbert-base-uncased-emotion
8	0	s_993_1082_0	0.9322293400764465	316	distilbert-base-uncased-emotion
8	0	s_552_91_1	0.9322087168693542	317	distilbert-base-uncased-emotion
8	0	s_187_635_3	0.9322077035903931	318	distilbert-base-uncased-emotion
8	0	s_1150_1035_1	0.9321175813674927	319	distilbert-base-uncased-emotion
8	0	s_1302_1632_4	0.9321119785308838	320	distilbert-base-uncased-emotion
8	0	s_101_80_0	0.932070255279541	321	distilbert-base-uncased-emotion
8	0	s_818_807_0	0.9320564866065979	322	distilbert-base-uncased-emotion
8	0	s_2100_909_1	0.9320456981658936	323	distilbert-base-uncased-emotion
8	0	s_1168_167_1	0.9320275783538818	324	distilbert-base-uncased-emotion
8	0	s_908_1543_0	0.9320249557495117	325	distilbert-base-uncased-emotion
8	0	s_837_78_0	0.9320239424705505	326	distilbert-base-uncased-emotion
8	0	s_653_29_3	0.9320089221000671	327	distilbert-base-uncased-emotion
8	0	s_1018_818_5	0.9319599270820618	328	distilbert-base-uncased-emotion
8	0	s_760_567_1	0.9319520592689514	329	distilbert-base-uncased-emotion
8	0	s_1808_50_5	0.9319489002227783	330	distilbert-base-uncased-emotion
8	0	s_2606_361_21	0.9319422245025635	331	distilbert-base-uncased-emotion
8	0	s_1818_19_0	0.9319403171539307	332	distilbert-base-uncased-emotion
8	0	s_634_56_0	0.9319325685501099	333	distilbert-base-uncased-emotion
8	0	s_624_318_0	0.93187415599823	334	distilbert-base-uncased-emotion
8	0	s_1899_411_0	0.9318646192550659	335	distilbert-base-uncased-emotion
8	0	s_717_194_1	0.9318484663963318	336	distilbert-base-uncased-emotion
8	0	s_3_347_1	0.9318168759346008	337	distilbert-base-uncased-emotion
8	0	s_2661_673_0	0.9317904114723206	338	distilbert-base-uncased-emotion
8	0	s_234_205_5	0.9317372441291809	339	distilbert-base-uncased-emotion
8	0	s_2094_987_3	0.9317295551300049	340	distilbert-base-uncased-emotion
8	0	s_267_861_1	0.9317285418510437	341	distilbert-base-uncased-emotion
8	0	s_1018_412_10	0.9316797852516174	342	distilbert-base-uncased-emotion
8	0	s_1239_126_0	0.9315686821937561	343	distilbert-base-uncased-emotion
8	0	s_2564_843_0	0.9315520524978638	344	distilbert-base-uncased-emotion
8	0	s_326_265_1	0.9315317869186401	345	distilbert-base-uncased-emotion
8	0	s_2809_701_0	0.9315125942230225	346	distilbert-base-uncased-emotion
8	0	s_2923_719_1	0.9314880967140198	347	distilbert-base-uncased-emotion
8	0	s_804_136_0	0.931471586227417	348	distilbert-base-uncased-emotion
8	0	s_2625_795_12	0.9314541816711426	349	distilbert-base-uncased-emotion
8	0	s_1030_666_1	0.9314388632774353	350	distilbert-base-uncased-emotion
8	0	s_1599_115_35	0.9313977360725403	351	distilbert-base-uncased-emotion
8	0	s_484_1311_3	0.9313244223594666	352	distilbert-base-uncased-emotion
8	0	s_1584_1108_0	0.9313012361526489	353	distilbert-base-uncased-emotion
8	0	s_2393_338_0	0.9312976598739624	354	distilbert-base-uncased-emotion
8	0	s_1280_1245_2	0.9312965273857117	355	distilbert-base-uncased-emotion
8	0	s_2367_486_0	0.931283712387085	356	distilbert-base-uncased-emotion
8	0	s_2415_194_3	0.9312728643417358	357	distilbert-base-uncased-emotion
8	0	s_2035_168_3	0.931236207485199	358	distilbert-base-uncased-emotion
8	0	s_1246_1526_0	0.9312248229980469	359	distilbert-base-uncased-emotion
8	0	s_2608_1797_0	0.931204617023468	360	distilbert-base-uncased-emotion
8	0	s_312_416_0	0.931175708770752	361	distilbert-base-uncased-emotion
8	0	s_3066_545_1	0.9311187267303467	362	distilbert-base-uncased-emotion
8	0	s_2815_31_0	0.9311057925224304	363	distilbert-base-uncased-emotion
8	0	s_2284_1841_0	0.9310874938964844	364	distilbert-base-uncased-emotion
8	0	s_195_475_2	0.9310516119003296	365	distilbert-base-uncased-emotion
8	0	s_1255_306_4	0.9310472011566162	366	distilbert-base-uncased-emotion
8	0	s_2035_467_1	0.9310377836227417	367	distilbert-base-uncased-emotion
8	0	s_2387_422_2	0.9310197234153748	368	distilbert-base-uncased-emotion
8	0	s_899_284_0	0.9310108423233032	369	distilbert-base-uncased-emotion
8	0	s_1094_1717_0	0.9310105443000793	370	distilbert-base-uncased-emotion
8	0	s_2596_197_0	0.9310008883476257	371	distilbert-base-uncased-emotion
8	0	s_918_25_2	0.9309869408607483	372	distilbert-base-uncased-emotion
8	0	s_2479_81_5	0.9309684634208679	373	distilbert-base-uncased-emotion
8	0	s_114_347_2	0.9309489727020264	374	distilbert-base-uncased-emotion
8	0	s_2006_20_3	0.9309331178665161	375	distilbert-base-uncased-emotion
8	0	s_1321_100_0	0.9309189319610596	376	distilbert-base-uncased-emotion
8	0	s_610_89_0	0.9309118986129761	377	distilbert-base-uncased-emotion
8	0	s_737_961_0	0.9308739900588989	378	distilbert-base-uncased-emotion
8	0	s_1285_737_1	0.9308663606643677	379	distilbert-base-uncased-emotion
8	0	s_215_53_2	0.930858850479126	380	distilbert-base-uncased-emotion
8	0	s_8_1120_3	0.9308550357818604	381	distilbert-base-uncased-emotion
8	0	s_8_1124_3	0.9308549165725708	382	distilbert-base-uncased-emotion
8	0	s_781_269_7	0.9307483434677124	383	distilbert-base-uncased-emotion
8	0	s_1217_117_2	0.9307193160057068	384	distilbert-base-uncased-emotion
8	0	s_2797_431_2	0.9306932687759399	385	distilbert-base-uncased-emotion
8	0	s_2680_191_3	0.9306902289390564	386	distilbert-base-uncased-emotion
8	0	s_1030_1204_1	0.930635392665863	387	distilbert-base-uncased-emotion
8	0	s_460_677_1	0.9306132793426514	388	distilbert-base-uncased-emotion
8	0	s_328_745_3	0.9305936098098755	389	distilbert-base-uncased-emotion
8	0	s_2996_268_0	0.9305912256240845	390	distilbert-base-uncased-emotion
8	0	s_2296_651_2	0.930565357208252	391	distilbert-base-uncased-emotion
8	0	s_1715_78_18	0.9305577278137207	392	distilbert-base-uncased-emotion
8	0	s_413_144_18	0.9305449724197388	393	distilbert-base-uncased-emotion
8	0	s_1666_218_2	0.9305066466331482	394	distilbert-base-uncased-emotion
8	0	s_579_58_0	0.9304657578468323	395	distilbert-base-uncased-emotion
8	0	s_2401_82_2	0.9304586052894592	396	distilbert-base-uncased-emotion
8	0	s_1769_22_0	0.9304349422454834	397	distilbert-base-uncased-emotion
8	0	s_17_843_10	0.9304185509681702	398	distilbert-base-uncased-emotion
8	0	s_1187_923_5	0.9303930401802063	399	distilbert-base-uncased-emotion
8	0	s_1121_436_0	0.9303662776947021	400	distilbert-base-uncased-emotion
8	0	s_2723_220_0	0.9303662180900574	401	distilbert-base-uncased-emotion
8	0	s_2085_1708_1	0.9303445816040039	402	distilbert-base-uncased-emotion
8	0	s_1147_526_1	0.9303305149078369	403	distilbert-base-uncased-emotion
8	0	s_363_0_33	0.9303300976753235	404	distilbert-base-uncased-emotion
8	0	s_2152_70_1	0.9303196668624878	405	distilbert-base-uncased-emotion
8	0	s_2695_585_0	0.9303176403045654	406	distilbert-base-uncased-emotion
8	0	s_12_202_5	0.9302986860275269	407	distilbert-base-uncased-emotion
8	0	s_1199_191_0	0.9302964210510254	408	distilbert-base-uncased-emotion
8	0	s_1338_75_1	0.9302939176559448	409	distilbert-base-uncased-emotion
8	0	s_2593_426_1	0.9302778840065002	410	distilbert-base-uncased-emotion
8	0	s_1193_940_0	0.930241584777832	411	distilbert-base-uncased-emotion
8	0	s_328_88_0	0.9301799535751343	412	distilbert-base-uncased-emotion
8	0	s_2927_84_2	0.9301760196685791	413	distilbert-base-uncased-emotion
8	0	s_2304_135_0	0.9301571846008301	414	distilbert-base-uncased-emotion
8	0	s_1337_137_5	0.9301494359970093	415	distilbert-base-uncased-emotion
8	0	s_1955_1069_1	0.9301380515098572	416	distilbert-base-uncased-emotion
8	0	s_2958_188_11	0.9301344156265259	417	distilbert-base-uncased-emotion
8	0	s_2352_256_1	0.9301338195800781	418	distilbert-base-uncased-emotion
8	0	s_1834_782_6	0.9301260113716125	419	distilbert-base-uncased-emotion
8	0	s_1830_147_1	0.9301241040229797	420	distilbert-base-uncased-emotion
8	0	s_1259_451_7	0.9301135540008545	421	distilbert-base-uncased-emotion
8	0	s_209_621_6	0.9300662279129028	422	distilbert-base-uncased-emotion
8	0	s_2100_222_0	0.9300630688667297	423	distilbert-base-uncased-emotion
8	0	s_697_244_0	0.9300476908683777	424	distilbert-base-uncased-emotion
8	0	s_1499_1086_27	0.9300321340560913	425	distilbert-base-uncased-emotion
8	0	s_993_781_1	0.9300028085708618	426	distilbert-base-uncased-emotion
8	0	s_1798_17_0	0.9299722909927368	427	distilbert-base-uncased-emotion
8	0	s_117_144_3	0.9299298524856567	428	distilbert-base-uncased-emotion
8	0	s_12_2_34	0.9299286603927612	429	distilbert-base-uncased-emotion
8	0	s_2951_1194_0	0.9298949241638184	430	distilbert-base-uncased-emotion
8	0	s_2100_181_10	0.9298723340034485	431	distilbert-base-uncased-emotion
8	0	s_59_721_0	0.9298666715621948	432	distilbert-base-uncased-emotion
8	0	s_2500_912_0	0.9298650622367859	433	distilbert-base-uncased-emotion
8	0	s_3007_575_1	0.9298628568649292	434	distilbert-base-uncased-emotion
8	0	s_2010_945_0	0.9298610687255859	435	distilbert-base-uncased-emotion
8	0	s_731_702_3	0.9298076629638672	436	distilbert-base-uncased-emotion
8	0	s_1132_269_0	0.9297999739646912	437	distilbert-base-uncased-emotion
8	0	s_655_875_3	0.9297528266906738	438	distilbert-base-uncased-emotion
8	0	s_900_1166_8	0.9297207593917847	439	distilbert-base-uncased-emotion
8	0	s_586_148_0	0.9296802878379822	440	distilbert-base-uncased-emotion
8	0	s_1584_895_0	0.9296793937683105	441	distilbert-base-uncased-emotion
8	0	s_117_1013_0	0.929665207862854	442	distilbert-base-uncased-emotion
8	0	s_3097_528_6	0.9296553730964661	443	distilbert-base-uncased-emotion
8	0	s_2357_688_1	0.9296367168426514	444	distilbert-base-uncased-emotion
8	0	s_839_1073_1	0.9296355247497559	445	distilbert-base-uncased-emotion
8	0	s_1592_97_1	0.9296214580535889	446	distilbert-base-uncased-emotion
8	0	s_2246_263_4	0.9296107292175293	447	distilbert-base-uncased-emotion
8	0	s_1981_560_2	0.9295860528945923	448	distilbert-base-uncased-emotion
8	0	s_951_54_0	0.929581344127655	449	distilbert-base-uncased-emotion
8	0	s_1489_245_0	0.9295715093612671	450	distilbert-base-uncased-emotion
8	0	s_3048_379_0	0.9295556545257568	451	distilbert-base-uncased-emotion
8	0	s_1515_373_2	0.9295458793640137	452	distilbert-base-uncased-emotion
8	0	s_343_369_0	0.929489016532898	453	distilbert-base-uncased-emotion
8	0	s_1725_526_18	0.9294738173484802	454	distilbert-base-uncased-emotion
8	0	s_1542_452_0	0.9294576644897461	455	distilbert-base-uncased-emotion
8	0	s_1997_582_0	0.9294419884681702	456	distilbert-base-uncased-emotion
8	0	s_890_694_1	0.929436206817627	457	distilbert-base-uncased-emotion
8	0	s_1552_956_2	0.9294043779373169	458	distilbert-base-uncased-emotion
8	0	s_2076_686_0	0.9293897747993469	459	distilbert-base-uncased-emotion
8	0	s_767_482_5	0.9293686747550964	460	distilbert-base-uncased-emotion
8	0	s_508_7_5	0.9293685555458069	461	distilbert-base-uncased-emotion
8	0	s_2401_115_40	0.9293641448020935	462	distilbert-base-uncased-emotion
8	0	s_3003_788_0	0.9293537139892578	463	distilbert-base-uncased-emotion
8	0	s_18_376_2	0.9292703866958618	464	distilbert-base-uncased-emotion
8	0	s_1859_479_0	0.9292198419570923	465	distilbert-base-uncased-emotion
8	0	s_70_117_0	0.9292021989822388	466	distilbert-base-uncased-emotion
8	0	s_2115_169_1	0.9291976094245911	467	distilbert-base-uncased-emotion
8	0	s_2749_78_0	0.9291549921035767	468	distilbert-base-uncased-emotion
8	0	s_2852_28_1	0.9291247725486755	469	distilbert-base-uncased-emotion
8	0	s_2831_264_0	0.9290940761566162	470	distilbert-base-uncased-emotion
8	0	s_2593_447_0	0.9290667176246643	471	distilbert-base-uncased-emotion
8	0	s_2461_152_0	0.9290607571601868	472	distilbert-base-uncased-emotion
8	0	s_2695_838_1	0.9290356040000916	473	distilbert-base-uncased-emotion
8	0	s_2855_9_3	0.9290164113044739	474	distilbert-base-uncased-emotion
8	0	s_2749_765_0	0.9289999008178711	475	distilbert-base-uncased-emotion
8	0	s_807_290_0	0.9289815425872803	476	distilbert-base-uncased-emotion
8	0	s_508_30_4	0.9289534091949463	477	distilbert-base-uncased-emotion
8	0	s_313_36_21	0.9289226531982422	478	distilbert-base-uncased-emotion
8	0	s_258_504_1	0.9289062023162842	479	distilbert-base-uncased-emotion
8	0	s_12_2_28	0.9288814067840576	480	distilbert-base-uncased-emotion
8	0	s_5_690_0	0.9288450479507446	481	distilbert-base-uncased-emotion
8	0	s_1150_1689_2	0.9288313984870911	482	distilbert-base-uncased-emotion
8	0	s_2542_1548_2	0.9287214279174805	483	distilbert-base-uncased-emotion
8	0	s_1429_165_0	0.9287147521972656	484	distilbert-base-uncased-emotion
8	0	s_1587_1507_0	0.9286969304084778	485	distilbert-base-uncased-emotion
8	0	s_782_661_1	0.9286804795265198	486	distilbert-base-uncased-emotion
8	0	s_2154_215_0	0.928673505783081	487	distilbert-base-uncased-emotion
8	0	s_2826_1135_0	0.9286616444587708	488	distilbert-base-uncased-emotion
8	0	s_451_533_0	0.9286593794822693	489	distilbert-base-uncased-emotion
8	0	s_624_781_5	0.9286339282989502	490	distilbert-base-uncased-emotion
8	0	s_1965_56_16	0.9286264181137085	491	distilbert-base-uncased-emotion
8	0	s_1265_110_0	0.928621768951416	492	distilbert-base-uncased-emotion
8	0	s_1584_607_0	0.9286121129989624	493	distilbert-base-uncased-emotion
8	0	s_1703_688_1	0.9285661578178406	494	distilbert-base-uncased-emotion
8	0	s_734_981_0	0.9285112619400024	495	distilbert-base-uncased-emotion
8	0	s_743_987_0	0.9285069108009338	496	distilbert-base-uncased-emotion
8	0	s_2266_486_2	0.9284921884536743	497	distilbert-base-uncased-emotion
8	0	s_2024_492_0	0.9284788966178894	498	distilbert-base-uncased-emotion
8	0	s_1584_224_0	0.9284769892692566	499	distilbert-base-uncased-emotion
8	0	s_2460_1056_12	0.9284714460372925	500	distilbert-base-uncased-emotion
8	0	s_2354_187_65	0.928405225276947	501	distilbert-base-uncased-emotion
8	0	s_3097_12_1	0.9283885955810547	502	distilbert-base-uncased-emotion
8	0	s_2993_102_0	0.9283523559570312	503	distilbert-base-uncased-emotion
8	0	s_299_1687_0	0.9283503293991089	504	distilbert-base-uncased-emotion
8	0	s_1185_259_1	0.9283453822135925	505	distilbert-base-uncased-emotion
8	0	s_2724_44_0	0.9283398389816284	506	distilbert-base-uncased-emotion
8	0	s_960_283_2	0.928288459777832	507	distilbert-base-uncased-emotion
8	0	s_1834_242_1	0.9282373189926147	508	distilbert-base-uncased-emotion
8	0	s_1280_529_3	0.928215503692627	509	distilbert-base-uncased-emotion
8	0	s_2415_1145_0	0.9281514883041382	510	distilbert-base-uncased-emotion
8	0	s_1270_10_1	0.928132951259613	511	distilbert-base-uncased-emotion
8	0	s_1955_865_0	0.9281136393547058	512	distilbert-base-uncased-emotion
8	0	s_1516_669_1	0.9281001687049866	513	distilbert-base-uncased-emotion
8	0	s_897_1268_15	0.9280972480773926	514	distilbert-base-uncased-emotion
8	0	s_2402_479_5	0.9280928373336792	515	distilbert-base-uncased-emotion
8	0	s_1725_501_1	0.9280240535736084	516	distilbert-base-uncased-emotion
8	0	s_447_632_0	0.9280075430870056	517	distilbert-base-uncased-emotion
8	0	s_447_20_3	0.9280074834823608	518	distilbert-base-uncased-emotion
8	0	s_2337_130_1	0.9279989004135132	519	distilbert-base-uncased-emotion
8	0	s_2482_50_0	0.9279912710189819	520	distilbert-base-uncased-emotion
8	0	s_2215_1046_1	0.9279778599739075	521	distilbert-base-uncased-emotion
8	0	s_2082_64_9	0.9279672503471375	522	distilbert-base-uncased-emotion
8	0	s_1160_138_3	0.9279612302780151	523	distilbert-base-uncased-emotion
8	0	s_144_776_0	0.9279184937477112	524	distilbert-base-uncased-emotion
8	0	s_1055_1366_0	0.9278638362884521	525	distilbert-base-uncased-emotion
8	0	s_165_13_0	0.9278637170791626	526	distilbert-base-uncased-emotion
8	0	s_2022_248_0	0.9278291463851929	527	distilbert-base-uncased-emotion
8	0	s_507_383_0	0.9278135895729065	528	distilbert-base-uncased-emotion
8	0	s_2815_1586_73	0.9276634454727173	529	distilbert-base-uncased-emotion
8	0	s_2352_879_0	0.9276634454727173	530	distilbert-base-uncased-emotion
8	0	s_1733_202_5	0.9276307225227356	531	distilbert-base-uncased-emotion
8	0	s_2284_1302_1	0.9276065230369568	532	distilbert-base-uncased-emotion
8	0	s_1336_837_0	0.9276008605957031	533	distilbert-base-uncased-emotion
8	0	s_1360_525_77	0.9275988340377808	534	distilbert-base-uncased-emotion
8	0	s_2721_569_0	0.9275593161582947	535	distilbert-base-uncased-emotion
8	0	s_1824_1615_2	0.9275593161582947	536	distilbert-base-uncased-emotion
8	0	s_2459_914_0	0.9275412559509277	537	distilbert-base-uncased-emotion
8	0	s_342_1297_0	0.9275102615356445	538	distilbert-base-uncased-emotion
8	0	s_2684_144_0	0.9274773597717285	539	distilbert-base-uncased-emotion
8	0	s_73_333_1	0.9274764060974121	540	distilbert-base-uncased-emotion
8	0	s_2727_67_1	0.9274740219116211	541	distilbert-base-uncased-emotion
8	0	s_2713_106_10	0.927413284778595	542	distilbert-base-uncased-emotion
8	0	s_283_293_10	0.9273777008056641	543	distilbert-base-uncased-emotion
8	0	s_2503_23_2	0.9273337125778198	544	distilbert-base-uncased-emotion
8	0	s_1620_792_1	0.9273194074630737	545	distilbert-base-uncased-emotion
8	0	s_1219_627_1	0.9272822141647339	546	distilbert-base-uncased-emotion
8	0	s_1481_595_0	0.9272671341896057	547	distilbert-base-uncased-emotion
8	0	s_1496_410_6	0.9272645711898804	548	distilbert-base-uncased-emotion
8	0	s_237_197_0	0.9272587299346924	549	distilbert-base-uncased-emotion
8	0	s_1230_818_1	0.9272518157958984	550	distilbert-base-uncased-emotion
8	0	s_181_547_1	0.9272412061691284	551	distilbert-base-uncased-emotion
8	0	s_344_77_1	0.9272032976150513	552	distilbert-base-uncased-emotion
8	0	s_462_672_0	0.9271512031555176	553	distilbert-base-uncased-emotion
8	0	s_2529_1780_1	0.9271191954612732	554	distilbert-base-uncased-emotion
8	0	s_2587_568_0	0.9270839691162109	555	distilbert-base-uncased-emotion
8	0	s_2849_107_0	0.9270774126052856	556	distilbert-base-uncased-emotion
8	0	s_2176_1256_0	0.9270728826522827	557	distilbert-base-uncased-emotion
8	0	s_1499_1086_21	0.9270691871643066	558	distilbert-base-uncased-emotion
8	0	s_785_502_5	0.927049458026886	559	distilbert-base-uncased-emotion
8	0	s_2802_787_1	0.9270474314689636	560	distilbert-base-uncased-emotion
8	0	s_1337_14_0	0.9270171523094177	561	distilbert-base-uncased-emotion
8	0	s_2449_324_0	0.92701256275177	562	distilbert-base-uncased-emotion
8	0	s_1388_1136_0	0.9270107746124268	563	distilbert-base-uncased-emotion
8	0	s_2349_17_0	0.927004337310791	564	distilbert-base-uncased-emotion
8	0	s_996_514_0	0.926983654499054	565	distilbert-base-uncased-emotion
8	0	s_845_46_2	0.9269784092903137	566	distilbert-base-uncased-emotion
8	0	s_1455_381_7	0.9269412755966187	567	distilbert-base-uncased-emotion
8	0	s_419_734_4	0.9269396066665649	568	distilbert-base-uncased-emotion
8	0	s_2776_391_1	0.9269229173660278	569	distilbert-base-uncased-emotion
8	0	s_339_1538_0	0.9268827438354492	570	distilbert-base-uncased-emotion
8	0	s_1534_192_1	0.9268605709075928	571	distilbert-base-uncased-emotion
8	0	s_1256_813_0	0.9268423914909363	572	distilbert-base-uncased-emotion
8	0	s_898_324_1	0.9268313646316528	573	distilbert-base-uncased-emotion
8	0	s_2415_615_3	0.9268016219139099	574	distilbert-base-uncased-emotion
8	0	s_2100_103_2	0.9267688989639282	575	distilbert-base-uncased-emotion
8	0	s_2712_581_1	0.9267215728759766	576	distilbert-base-uncased-emotion
8	0	s_1666_295_9	0.9267101287841797	577	distilbert-base-uncased-emotion
8	0	s_840_330_0	0.9267053604125977	578	distilbert-base-uncased-emotion
8	0	s_1410_88_0	0.9266833066940308	579	distilbert-base-uncased-emotion
8	0	s_713_200_1	0.9266414642333984	580	distilbert-base-uncased-emotion
8	0	s_1515_552_0	0.9266399145126343	581	distilbert-base-uncased-emotion
8	0	s_699_182_6	0.9266099333763123	582	distilbert-base-uncased-emotion
8	0	s_348_38_0	0.9266096353530884	583	distilbert-base-uncased-emotion
8	0	s_46_116_0	0.9266046285629272	584	distilbert-base-uncased-emotion
8	0	s_1858_93_0	0.92658531665802	585	distilbert-base-uncased-emotion
8	0	s_2292_764_2	0.926560640335083	586	distilbert-base-uncased-emotion
8	0	s_551_28_1	0.9265598058700562	587	distilbert-base-uncased-emotion
8	0	s_1352_891_1	0.9265074133872986	588	distilbert-base-uncased-emotion
8	0	s_276_248_6	0.9263955354690552	589	distilbert-base-uncased-emotion
8	0	s_2809_1133_0	0.926379919052124	590	distilbert-base-uncased-emotion
8	0	s_1404_73_9	0.9263754487037659	591	distilbert-base-uncased-emotion
8	0	s_1878_67_2	0.926365077495575	592	distilbert-base-uncased-emotion
8	0	s_1514_726_74	0.9263350963592529	593	distilbert-base-uncased-emotion
8	0	s_1796_716_0	0.9263015985488892	594	distilbert-base-uncased-emotion
8	0	s_1609_878_29	0.9262912273406982	595	distilbert-base-uncased-emotion
8	0	s_2124_1443_1	0.9262838363647461	596	distilbert-base-uncased-emotion
8	0	s_404_65_0	0.9262568354606628	597	distilbert-base-uncased-emotion
8	0	s_931_108_0	0.9262388944625854	598	distilbert-base-uncased-emotion
8	0	s_244_204_1	0.9262382984161377	599	distilbert-base-uncased-emotion
8	0	s_1762_1064_0	0.926237940788269	600	distilbert-base-uncased-emotion
8	0	s_1408_864_10	0.9262160062789917	601	distilbert-base-uncased-emotion
8	0	s_214_89_0	0.9262011051177979	602	distilbert-base-uncased-emotion
8	0	s_2815_1536_56	0.9261948466300964	603	distilbert-base-uncased-emotion
8	0	s_2085_1242_0	0.926173746585846	604	distilbert-base-uncased-emotion
8	0	s_2330_316_0	0.926172137260437	605	distilbert-base-uncased-emotion
8	0	s_962_142_0	0.9261024594306946	606	distilbert-base-uncased-emotion
8	0	s_433_1570_6	0.9260774850845337	607	distilbert-base-uncased-emotion
8	0	s_2286_734_0	0.9260760545730591	608	distilbert-base-uncased-emotion
8	0	s_1127_1617_0	0.926053524017334	609	distilbert-base-uncased-emotion
8	0	s_2035_636_4	0.9260463714599609	610	distilbert-base-uncased-emotion
8	0	s_2993_494_0	0.9260436296463013	611	distilbert-base-uncased-emotion
8	0	s_1404_780_0	0.9260346293449402	612	distilbert-base-uncased-emotion
8	0	s_2479_28_5	0.9260313510894775	613	distilbert-base-uncased-emotion
8	0	s_1271_691_2	0.9259977340698242	614	distilbert-base-uncased-emotion
8	0	s_1082_1395_0	0.9259828329086304	615	distilbert-base-uncased-emotion
8	0	s_1483_30_2	0.9259626269340515	616	distilbert-base-uncased-emotion
8	0	s_890_1162_15	0.9259212017059326	617	distilbert-base-uncased-emotion
8	0	s_2723_225_3	0.9259076118469238	618	distilbert-base-uncased-emotion
8	0	s_1511_466_4	0.9259026646614075	619	distilbert-base-uncased-emotion
8	0	s_2398_768_1	0.9258861541748047	620	distilbert-base-uncased-emotion
8	0	s_3072_2_2	0.9258233904838562	621	distilbert-base-uncased-emotion
8	0	s_2272_488_1	0.9258216023445129	622	distilbert-base-uncased-emotion
8	0	s_2939_94_0	0.9257927536964417	623	distilbert-base-uncased-emotion
8	0	s_2882_382_1	0.9257875680923462	624	distilbert-base-uncased-emotion
8	0	s_1494_155_0	0.9257752299308777	625	distilbert-base-uncased-emotion
8	0	s_1590_0_6	0.9257752299308777	626	distilbert-base-uncased-emotion
8	0	s_989_404_0	0.9257733821868896	627	distilbert-base-uncased-emotion
8	0	s_2537_26_0	0.925773024559021	628	distilbert-base-uncased-emotion
8	0	s_1147_387_1	0.9257602691650391	629	distilbert-base-uncased-emotion
8	0	s_1296_1177_7	0.9257476925849915	630	distilbert-base-uncased-emotion
8	0	s_2402_1250_5	0.9257165193557739	631	distilbert-base-uncased-emotion
8	0	s_982_30_0	0.925713062286377	632	distilbert-base-uncased-emotion
8	0	s_591_421_3	0.9257111549377441	633	distilbert-base-uncased-emotion
8	0	s_2100_602_5	0.9256777763366699	634	distilbert-base-uncased-emotion
8	0	s_1487_1259_0	0.9256712794303894	635	distilbert-base-uncased-emotion
8	0	s_442_181_3	0.9256690144538879	636	distilbert-base-uncased-emotion
8	0	s_588_107_2	0.9256231784820557	637	distilbert-base-uncased-emotion
8	0	s_53_611_0	0.9256106615066528	638	distilbert-base-uncased-emotion
8	0	s_2881_177_0	0.925605297088623	639	distilbert-base-uncased-emotion
8	0	s_2495_228_4	0.9255894422531128	640	distilbert-base-uncased-emotion
8	0	s_912_529_2	0.9255737066268921	641	distilbert-base-uncased-emotion
8	0	s_2897_165_0	0.9255736470222473	642	distilbert-base-uncased-emotion
8	0	s_2529_992_0	0.9255685210227966	643	distilbert-base-uncased-emotion
8	0	s_917_501_0	0.9255573153495789	644	distilbert-base-uncased-emotion
8	0	s_1163_635_0	0.9255459904670715	645	distilbert-base-uncased-emotion
8	0	s_1756_260_1	0.925499439239502	646	distilbert-base-uncased-emotion
8	0	s_1320_606_2	0.9254854917526245	647	distilbert-base-uncased-emotion
8	0	s_271_991_0	0.9254837036132812	648	distilbert-base-uncased-emotion
8	0	s_3028_409_3	0.9254406094551086	649	distilbert-base-uncased-emotion
8	0	s_121_70_0	0.9254355430603027	650	distilbert-base-uncased-emotion
8	0	s_1324_756_2	0.9254353046417236	651	distilbert-base-uncased-emotion
8	0	s_575_177_0	0.9254181385040283	652	distilbert-base-uncased-emotion
8	0	s_740_827_4	0.9254047870635986	653	distilbert-base-uncased-emotion
8	0	s_404_241_0	0.9253977537155151	654	distilbert-base-uncased-emotion
8	0	s_2785_629_0	0.9253923892974854	655	distilbert-base-uncased-emotion
8	0	s_888_213_3	0.925390362739563	656	distilbert-base-uncased-emotion
8	0	s_2401_53_0	0.925334095954895	657	distilbert-base-uncased-emotion
8	0	s_975_68_1	0.9253336787223816	658	distilbert-base-uncased-emotion
8	0	s_46_99_0	0.9252811670303345	659	distilbert-base-uncased-emotion
8	0	s_2393_97_0	0.925269603729248	660	distilbert-base-uncased-emotion
8	0	s_1639_444_16	0.9252597689628601	661	distilbert-base-uncased-emotion
8	0	s_1580_85_8	0.9252512454986572	662	distilbert-base-uncased-emotion
8	0	s_56_303_4	0.9252476692199707	663	distilbert-base-uncased-emotion
8	0	s_2434_581_2	0.9252431392669678	664	distilbert-base-uncased-emotion
8	0	s_3019_234_0	0.9252355694770813	665	distilbert-base-uncased-emotion
8	0	s_3105_85_0	0.9252265095710754	666	distilbert-base-uncased-emotion
8	0	s_1012_42_3	0.9251886010169983	667	distilbert-base-uncased-emotion
8	0	s_2667_1545_0	0.9251842498779297	668	distilbert-base-uncased-emotion
8	0	s_10_525_0	0.9251795411109924	669	distilbert-base-uncased-emotion
8	0	s_2044_893_0	0.9251787662506104	670	distilbert-base-uncased-emotion
8	0	s_1239_452_0	0.9251757264137268	671	distilbert-base-uncased-emotion
8	0	s_2613_782_0	0.9251565933227539	672	distilbert-base-uncased-emotion
8	0	s_2681_1208_35	0.9251275062561035	673	distilbert-base-uncased-emotion
8	0	s_737_229_17	0.925118088722229	674	distilbert-base-uncased-emotion
8	0	s_447_5_4	0.92510586977005	675	distilbert-base-uncased-emotion
8	0	s_1348_155_0	0.9250987768173218	676	distilbert-base-uncased-emotion
8	0	s_1601_276_2	0.9250977635383606	677	distilbert-base-uncased-emotion
8	0	s_1404_950_0	0.9250944256782532	678	distilbert-base-uncased-emotion
8	0	s_897_971_2	0.9250801801681519	679	distilbert-base-uncased-emotion
8	0	s_3083_362_0	0.9250583648681641	680	distilbert-base-uncased-emotion
8	0	s_676_230_0	0.9250506162643433	681	distilbert-base-uncased-emotion
8	0	s_3063_961_1	0.9250376224517822	682	distilbert-base-uncased-emotion
8	0	s_1321_1864_1	0.925010085105896	683	distilbert-base-uncased-emotion
8	0	s_749_522_1	0.9250001907348633	684	distilbert-base-uncased-emotion
8	0	s_940_1042_0	0.9249639511108398	685	distilbert-base-uncased-emotion
8	0	s_782_146_2	0.9249105453491211	686	distilbert-base-uncased-emotion
8	0	s_259_641_0	0.924906849861145	687	distilbert-base-uncased-emotion
8	0	s_2372_1458_3	0.9248892068862915	688	distilbert-base-uncased-emotion
8	0	s_970_77_0	0.9248878359794617	689	distilbert-base-uncased-emotion
8	0	s_117_171_10	0.9248268008232117	690	distilbert-base-uncased-emotion
8	0	s_2697_1_1	0.9248067140579224	691	distilbert-base-uncased-emotion
8	0	s_2831_991_12	0.9247828722000122	692	distilbert-base-uncased-emotion
8	0	s_2398_132_1	0.924767255783081	693	distilbert-base-uncased-emotion
8	0	s_210_99_5	0.9247562885284424	694	distilbert-base-uncased-emotion
8	0	s_3059_1_1	0.9247361421585083	695	distilbert-base-uncased-emotion
8	0	s_1132_1004_0	0.9246704578399658	696	distilbert-base-uncased-emotion
8	0	s_2636_86_0	0.9246043562889099	697	distilbert-base-uncased-emotion
8	0	s_2117_1348_1	0.9245556592941284	698	distilbert-base-uncased-emotion
8	0	s_12_895_1	0.9245216250419617	699	distilbert-base-uncased-emotion
8	0	s_6_931_2	0.92448890209198	700	distilbert-base-uncased-emotion
8	0	s_976_471_2	0.9244512319564819	701	distilbert-base-uncased-emotion
8	0	s_2840_32_4	0.9244142174720764	702	distilbert-base-uncased-emotion
8	0	s_484_740_2	0.9243969917297363	703	distilbert-base-uncased-emotion
8	0	s_2470_23_10	0.9243701696395874	704	distilbert-base-uncased-emotion
8	0	s_3094_681_0	0.9243687987327576	705	distilbert-base-uncased-emotion
8	0	s_1514_534_207	0.9243684411048889	706	distilbert-base-uncased-emotion
8	0	s_2396_1247_0	0.9243676662445068	707	distilbert-base-uncased-emotion
8	0	s_3042_14_3	0.9243544936180115	708	distilbert-base-uncased-emotion
8	0	s_1055_303_4	0.9243452548980713	709	distilbert-base-uncased-emotion
8	0	s_2169_42_104	0.9243443012237549	710	distilbert-base-uncased-emotion
8	0	s_217_501_0	0.9243394136428833	711	distilbert-base-uncased-emotion
8	0	s_2176_603_1	0.924241304397583	712	distilbert-base-uncased-emotion
8	0	s_1584_1052_0	0.9242334365844727	713	distilbert-base-uncased-emotion
8	0	s_2100_307_3	0.9241831302642822	714	distilbert-base-uncased-emotion
8	0	s_613_106_0	0.9241830110549927	715	distilbert-base-uncased-emotion
8	0	s_2354_428_0	0.9241772294044495	716	distilbert-base-uncased-emotion
8	0	s_574_960_5	0.9241547584533691	717	distilbert-base-uncased-emotion
8	0	s_949_922_2	0.9241317510604858	718	distilbert-base-uncased-emotion
8	0	s_595_203_3	0.9240813255310059	719	distilbert-base-uncased-emotion
8	0	s_1499_708_134	0.9240513443946838	720	distilbert-base-uncased-emotion
8	0	s_782_501_1	0.9240387678146362	721	distilbert-base-uncased-emotion
8	0	s_1796_824_0	0.924020528793335	722	distilbert-base-uncased-emotion
8	0	s_989_162_0	0.9240124225616455	723	distilbert-base-uncased-emotion
8	0	s_625_39_1	0.9239883422851562	724	distilbert-base-uncased-emotion
8	0	s_1979_321_0	0.923985481262207	725	distilbert-base-uncased-emotion
8	0	s_1380_234_9	0.9239853620529175	726	distilbert-base-uncased-emotion
8	0	s_276_532_3	0.923974871635437	727	distilbert-base-uncased-emotion
8	0	s_2579_790_0	0.923969566822052	728	distilbert-base-uncased-emotion
8	0	s_1483_37_1	0.9239498972892761	729	distilbert-base-uncased-emotion
8	0	s_1743_853_4	0.9239317178726196	730	distilbert-base-uncased-emotion
8	0	s_1551_0_77	0.9239189624786377	731	distilbert-base-uncased-emotion
8	0	s_2740_37_1	0.923918604850769	732	distilbert-base-uncased-emotion
8	0	s_337_221_0	0.9239168167114258	733	distilbert-base-uncased-emotion
8	0	s_2331_876_1	0.9239161014556885	734	distilbert-base-uncased-emotion
8	0	s_1552_733_3	0.9239033460617065	735	distilbert-base-uncased-emotion
8	0	s_776_728_1	0.9238755702972412	736	distilbert-base-uncased-emotion
8	0	s_794_408_0	0.9238508343696594	737	distilbert-base-uncased-emotion
8	0	s_654_362_1	0.923841655254364	738	distilbert-base-uncased-emotion
8	0	s_1430_337_1	0.9238294363021851	739	distilbert-base-uncased-emotion
8	0	s_1772_99_2	0.9238263368606567	740	distilbert-base-uncased-emotion
8	0	s_2953_179_2	0.9238137006759644	741	distilbert-base-uncased-emotion
8	0	s_2000_13_1	0.9238008856773376	742	distilbert-base-uncased-emotion
8	0	s_1899_319_2	0.9237979054450989	743	distilbert-base-uncased-emotion
8	0	s_484_480_1	0.9237905740737915	744	distilbert-base-uncased-emotion
8	0	s_74_704_0	0.9237866401672363	745	distilbert-base-uncased-emotion
8	0	s_1438_110_0	0.9237847328186035	746	distilbert-base-uncased-emotion
8	0	s_2663_29_6	0.9237461686134338	747	distilbert-base-uncased-emotion
8	0	s_614_379_0	0.9237382411956787	748	distilbert-base-uncased-emotion
8	0	s_2369_438_3	0.9237127304077148	749	distilbert-base-uncased-emotion
8	0	s_1239_289_2	0.9236566424369812	750	distilbert-base-uncased-emotion
8	0	s_2953_456_0	0.9236096143722534	751	distilbert-base-uncased-emotion
8	0	s_2127_455_2	0.923608660697937	752	distilbert-base-uncased-emotion
8	0	s_696_38_0	0.9235713481903076	753	distilbert-base-uncased-emotion
8	0	s_1193_1443_5	0.9235494136810303	754	distilbert-base-uncased-emotion
8	0	s_356_57_2	0.9235391616821289	755	distilbert-base-uncased-emotion
8	0	s_2494_886_1	0.9235360026359558	756	distilbert-base-uncased-emotion
8	0	s_342_1482_2	0.9235291481018066	757	distilbert-base-uncased-emotion
8	0	s_824_119_0	0.9235104918479919	758	distilbert-base-uncased-emotion
8	0	s_1481_330_7	0.9235043525695801	759	distilbert-base-uncased-emotion
8	0	s_2100_761_1	0.9234938025474548	760	distilbert-base-uncased-emotion
8	0	s_47_436_0	0.9234753847122192	761	distilbert-base-uncased-emotion
8	0	s_1239_329_1	0.9234617948532104	762	distilbert-base-uncased-emotion
8	0	s_1501_1020_0	0.9234588146209717	763	distilbert-base-uncased-emotion
8	0	s_1488_190_6	0.9234362840652466	764	distilbert-base-uncased-emotion
8	0	s_2536_48_0	0.923377275466919	765	distilbert-base-uncased-emotion
8	0	s_17_1026_0	0.9233657717704773	766	distilbert-base-uncased-emotion
8	0	s_2085_1624_2	0.9233558177947998	767	distilbert-base-uncased-emotion
8	0	s_2449_170_0	0.9233393669128418	768	distilbert-base-uncased-emotion
8	0	s_1463_835_2	0.9233328104019165	769	distilbert-base-uncased-emotion
8	0	s_67_332_0	0.9233219623565674	770	distilbert-base-uncased-emotion
8	0	s_2379_351_2	0.9233206510543823	771	distilbert-base-uncased-emotion
8	0	s_86_364_1	0.9233156442642212	772	distilbert-base-uncased-emotion
8	0	s_3044_171_0	0.9233042001724243	773	distilbert-base-uncased-emotion
8	0	s_1933_0_3	0.9232841730117798	774	distilbert-base-uncased-emotion
8	0	s_1132_760_0	0.923280656337738	775	distilbert-base-uncased-emotion
8	0	s_551_67_0	0.9232507944107056	776	distilbert-base-uncased-emotion
8	0	s_1904_85_0	0.9232500791549683	777	distilbert-base-uncased-emotion
8	0	s_3082_67_0	0.9232489466667175	778	distilbert-base-uncased-emotion
8	0	s_1255_190_8	0.9232164025306702	779	distilbert-base-uncased-emotion
8	0	s_1438_275_1	0.9231930375099182	780	distilbert-base-uncased-emotion
8	0	s_1597_317_0	0.923185408115387	781	distilbert-base-uncased-emotion
8	0	s_1424_3_38	0.9231587648391724	782	distilbert-base-uncased-emotion
8	0	s_749_448_1	0.9231452345848083	783	distilbert-base-uncased-emotion
8	0	s_74_685_0	0.9231337308883667	784	distilbert-base-uncased-emotion
8	0	s_2055_1198_6	0.9231175184249878	785	distilbert-base-uncased-emotion
8	0	s_731_732_0	0.9230917096138	786	distilbert-base-uncased-emotion
8	0	s_3085_41_3	0.9230914115905762	787	distilbert-base-uncased-emotion
8	0	s_1633_278_0	0.9230703115463257	788	distilbert-base-uncased-emotion
8	0	s_2494_277_0	0.9230532646179199	789	distilbert-base-uncased-emotion
8	0	s_1487_124_0	0.9230479001998901	790	distilbert-base-uncased-emotion
8	0	s_2626_289_1	0.9230117797851562	791	distilbert-base-uncased-emotion
8	0	s_2836_287_0	0.9230099320411682	792	distilbert-base-uncased-emotion
8	0	s_917_220_0	0.923000693321228	793	distilbert-base-uncased-emotion
8	0	s_1701_650_1	0.9229882955551147	794	distilbert-base-uncased-emotion
8	0	s_1581_626_0	0.9229735136032104	795	distilbert-base-uncased-emotion
8	0	s_462_303_69	0.9229426383972168	796	distilbert-base-uncased-emotion
8	0	s_1805_485_2	0.9229124188423157	797	distilbert-base-uncased-emotion
8	0	s_1931_492_2	0.9229095578193665	798	distilbert-base-uncased-emotion
8	0	s_597_606_4	0.9228687882423401	799	distilbert-base-uncased-emotion
8	0	s_697_135_6	0.9228577017784119	800	distilbert-base-uncased-emotion
8	0	s_2450_392_3	0.9228469729423523	801	distilbert-base-uncased-emotion
8	0	s_2988_264_0	0.9228336811065674	802	distilbert-base-uncased-emotion
8	0	s_376_488_0	0.922823429107666	803	distilbert-base-uncased-emotion
8	0	s_447_105_1	0.9228209257125854	804	distilbert-base-uncased-emotion
8	0	s_552_12_24	0.9228084087371826	805	distilbert-base-uncased-emotion
8	0	s_2415_1005_21	0.922767162322998	806	distilbert-base-uncased-emotion
8	0	s_1404_449_1	0.9227513670921326	807	distilbert-base-uncased-emotion
8	0	s_2723_46_0	0.9227438569068909	808	distilbert-base-uncased-emotion
8	0	s_1499_590_5	0.9227428436279297	809	distilbert-base-uncased-emotion
8	0	s_1481_101_3	0.9226738810539246	810	distilbert-base-uncased-emotion
8	0	s_1127_316_2	0.9226629734039307	811	distilbert-base-uncased-emotion
8	0	s_280_678_0	0.9226358532905579	812	distilbert-base-uncased-emotion
8	0	s_1513_904_0	0.9226322770118713	813	distilbert-base-uncased-emotion
8	0	s_1806_1024_0	0.9226280450820923	814	distilbert-base-uncased-emotion
8	0	s_2414_322_7	0.9226206541061401	815	distilbert-base-uncased-emotion
8	0	s_2765_873_2	0.9226170182228088	816	distilbert-base-uncased-emotion
8	0	s_727_452_0	0.9225822687149048	817	distilbert-base-uncased-emotion
8	0	s_2010_416_0	0.9225785732269287	818	distilbert-base-uncased-emotion
8	0	s_356_142_5	0.9225637912750244	819	distilbert-base-uncased-emotion
8	0	s_328_42_0	0.9225430488586426	820	distilbert-base-uncased-emotion
8	0	s_1806_494_23	0.9225316047668457	821	distilbert-base-uncased-emotion
8	0	s_1681_723_0	0.9225187301635742	822	distilbert-base-uncased-emotion
8	0	s_1438_239_0	0.9225100874900818	823	distilbert-base-uncased-emotion
8	0	s_494_588_1	0.9224922060966492	824	distilbert-base-uncased-emotion
8	0	s_743_761_1	0.9224854111671448	825	distilbert-base-uncased-emotion
8	0	s_2061_682_0	0.9224454760551453	826	distilbert-base-uncased-emotion
8	0	s_1511_607_1	0.9224370121955872	827	distilbert-base-uncased-emotion
8	0	s_997_1140_0	0.9224238395690918	828	distilbert-base-uncased-emotion
8	0	s_340_138_6	0.9224236011505127	829	distilbert-base-uncased-emotion
8	0	s_1322_133_0	0.9224165678024292	830	distilbert-base-uncased-emotion
8	0	s_376_436_0	0.922407865524292	831	distilbert-base-uncased-emotion
8	0	s_1513_572_0	0.9223800897598267	832	distilbert-base-uncased-emotion
8	0	s_1219_515_2	0.9223508238792419	833	distilbert-base-uncased-emotion
8	0	s_1615_36_5	0.9223442077636719	834	distilbert-base-uncased-emotion
8	0	s_2378_418_2	0.9223403930664062	835	distilbert-base-uncased-emotion
8	0	s_561_795_2	0.9223385453224182	836	distilbert-base-uncased-emotion
8	0	s_2130_1123_10	0.9223364591598511	837	distilbert-base-uncased-emotion
8	0	s_2179_107_1	0.9223308563232422	838	distilbert-base-uncased-emotion
8	0	s_2089_70_1	0.9223203063011169	839	distilbert-base-uncased-emotion
8	0	s_1749_548_2	0.9222864508628845	840	distilbert-base-uncased-emotion
8	0	s_1801_29_0	0.922263503074646	841	distilbert-base-uncased-emotion
8	0	s_131_921_5	0.9222365617752075	842	distilbert-base-uncased-emotion
8	0	s_2781_924_0	0.9222360849380493	843	distilbert-base-uncased-emotion
8	0	s_1487_1249_1	0.9222233295440674	844	distilbert-base-uncased-emotion
8	0	s_775_44_0	0.9221763610839844	845	distilbert-base-uncased-emotion
8	0	s_258_215_4	0.9221676588058472	846	distilbert-base-uncased-emotion
8	0	s_2402_974_1	0.9221675992012024	847	distilbert-base-uncased-emotion
8	0	s_1601_692_5	0.9221551418304443	848	distilbert-base-uncased-emotion
8	0	s_1514_381_229	0.9221357107162476	849	distilbert-base-uncased-emotion
8	0	s_1795_827_1	0.9221196174621582	850	distilbert-base-uncased-emotion
8	0	s_1625_281_0	0.9221196174621582	851	distilbert-base-uncased-emotion
8	0	s_2130_1176_5	0.9221147298812866	852	distilbert-base-uncased-emotion
8	0	s_3047_779_0	0.9221103191375732	853	distilbert-base-uncased-emotion
8	0	s_2484_547_5	0.9220951795578003	854	distilbert-base-uncased-emotion
8	0	s_2130_716_0	0.9220788478851318	855	distilbert-base-uncased-emotion
8	0	s_1230_675_1	0.9220463037490845	856	distilbert-base-uncased-emotion
8	0	s_1562_1906_0	0.9220433235168457	857	distilbert-base-uncased-emotion
8	0	s_1427_405_0	0.9220204949378967	858	distilbert-base-uncased-emotion
8	0	s_2610_381_0	0.9220197200775146	859	distilbert-base-uncased-emotion
8	0	s_1281_95_0	0.9220120310783386	860	distilbert-base-uncased-emotion
8	0	s_1152_318_0	0.9219859838485718	861	distilbert-base-uncased-emotion
8	0	s_2882_353_0	0.9219815731048584	862	distilbert-base-uncased-emotion
8	0	s_2130_320_8	0.921970009803772	863	distilbert-base-uncased-emotion
8	0	s_2238_190_4	0.921920895576477	864	distilbert-base-uncased-emotion
8	0	s_1591_590_0	0.9219107627868652	865	distilbert-base-uncased-emotion
8	0	s_2237_663_2	0.9219049215316772	866	distilbert-base-uncased-emotion
8	0	s_586_713_4	0.9218409061431885	867	distilbert-base-uncased-emotion
8	0	s_794_32_2	0.9218108654022217	868	distilbert-base-uncased-emotion
8	0	s_2418_276_11	0.9218012094497681	869	distilbert-base-uncased-emotion
8	0	s_782_23_5	0.9217926263809204	870	distilbert-base-uncased-emotion
8	0	s_2331_1061_0	0.9217748641967773	871	distilbert-base-uncased-emotion
8	0	s_1234_347_0	0.92173832654953	872	distilbert-base-uncased-emotion
8	0	s_2008_38_0	0.9217040538787842	873	distilbert-base-uncased-emotion
8	0	s_600_1003_0	0.9216912984848022	874	distilbert-base-uncased-emotion
8	0	s_2263_307_4	0.9216479063034058	875	distilbert-base-uncased-emotion
8	0	s_512_266_0	0.9216335415840149	876	distilbert-base-uncased-emotion
8	0	s_1900_1091_5	0.9216243028640747	877	distilbert-base-uncased-emotion
8	0	s_2008_221_30	0.9216048717498779	878	distilbert-base-uncased-emotion
8	0	s_352_854_1	0.9216039180755615	879	distilbert-base-uncased-emotion
8	0	s_1404_60_4	0.9216030240058899	880	distilbert-base-uncased-emotion
8	0	s_1601_618_13	0.9215950965881348	881	distilbert-base-uncased-emotion
8	0	s_18_781_1	0.921586275100708	882	distilbert-base-uncased-emotion
8	0	s_681_1083_0	0.9215621948242188	883	distilbert-base-uncased-emotion
8	0	s_18_811_75	0.9215343594551086	884	distilbert-base-uncased-emotion
8	0	s_1280_325_8	0.9215310215950012	885	distilbert-base-uncased-emotion
8	0	s_2510_224_2	0.9215260744094849	886	distilbert-base-uncased-emotion
8	0	s_1265_437_2	0.9215190410614014	887	distilbert-base-uncased-emotion
8	0	s_1336_191_0	0.921501874923706	888	distilbert-base-uncased-emotion
8	0	s_1059_185_7	0.9214961528778076	889	distilbert-base-uncased-emotion
8	0	s_2843_1874_2	0.9214770793914795	890	distilbert-base-uncased-emotion
8	0	s_1280_1188_4	0.9214432239532471	891	distilbert-base-uncased-emotion
8	0	s_426_581_146	0.9213870167732239	892	distilbert-base-uncased-emotion
8	0	s_2831_721_2	0.9213433265686035	893	distilbert-base-uncased-emotion
8	0	s_2501_980_1	0.9213331341743469	894	distilbert-base-uncased-emotion
8	0	s_632_167_0	0.9213200807571411	895	distilbert-base-uncased-emotion
8	0	s_1329_148_0	0.9213064312934875	896	distilbert-base-uncased-emotion
8	0	s_1494_713_0	0.9212892055511475	897	distilbert-base-uncased-emotion
8	0	s_938_807_48	0.9212603569030762	898	distilbert-base-uncased-emotion
8	0	s_621_71_0	0.9212595820426941	899	distilbert-base-uncased-emotion
8	0	s_2894_88_0	0.9212591648101807	900	distilbert-base-uncased-emotion
8	0	s_2884_31_1	0.9212502241134644	901	distilbert-base-uncased-emotion
8	0	s_8_355_2	0.9212038516998291	902	distilbert-base-uncased-emotion
8	0	s_1064_112_0	0.9211442470550537	903	distilbert-base-uncased-emotion
8	0	s_101_171_0	0.9211421012878418	904	distilbert-base-uncased-emotion
8	0	s_1065_976_0	0.9211392402648926	905	distilbert-base-uncased-emotion
8	0	s_2859_500_0	0.9211362600326538	906	distilbert-base-uncased-emotion
8	0	s_970_621_2	0.9211230874061584	907	distilbert-base-uncased-emotion
8	0	s_646_102_1	0.9211220741271973	908	distilbert-base-uncased-emotion
8	0	s_2195_323_0	0.921110212802887	909	distilbert-base-uncased-emotion
8	0	s_2625_751_1	0.9211089611053467	910	distilbert-base-uncased-emotion
8	0	s_1692_220_8	0.9211066961288452	911	distilbert-base-uncased-emotion
8	0	s_890_39_0	0.9210428595542908	912	distilbert-base-uncased-emotion
8	0	s_1230_655_5	0.9210362434387207	913	distilbert-base-uncased-emotion
8	0	s_2161_678_2	0.9210315942764282	914	distilbert-base-uncased-emotion
8	0	s_1446_19_1	0.9210163354873657	915	distilbert-base-uncased-emotion
8	0	s_1514_230_248	0.9209951758384705	916	distilbert-base-uncased-emotion
8	0	s_2815_1171_49	0.9209774732589722	917	distilbert-base-uncased-emotion
8	0	s_3059_17_91	0.9209712743759155	918	distilbert-base-uncased-emotion
8	0	s_502_883_0	0.9209510087966919	919	distilbert-base-uncased-emotion
8	0	s_121_558_0	0.9209438562393188	920	distilbert-base-uncased-emotion
8	0	s_1362_661_0	0.9209263324737549	921	distilbert-base-uncased-emotion
8	0	s_3036_636_0	0.9209082126617432	922	distilbert-base-uncased-emotion
8	0	s_653_73_2	0.9209074974060059	923	distilbert-base-uncased-emotion
8	0	s_2201_465_15	0.920898973941803	924	distilbert-base-uncased-emotion
8	0	s_648_664_0	0.9208662509918213	925	distilbert-base-uncased-emotion
8	0	s_1749_602_0	0.9208592176437378	926	distilbert-base-uncased-emotion
8	0	s_1634_1808_3	0.9208503365516663	927	distilbert-base-uncased-emotion
8	0	s_731_977_0	0.9208441376686096	928	distilbert-base-uncased-emotion
8	0	s_568_682_1	0.9208405613899231	929	distilbert-base-uncased-emotion
8	0	s_283_196_0	0.9208328723907471	930	distilbert-base-uncased-emotion
8	0	s_1641_147_1	0.9208248257637024	931	distilbert-base-uncased-emotion
8	0	s_1974_189_1	0.9208210706710815	932	distilbert-base-uncased-emotion
8	0	s_842_32_0	0.9208111763000488	933	distilbert-base-uncased-emotion
8	0	s_1749_416_4	0.9208014011383057	934	distilbert-base-uncased-emotion
8	0	s_436_131_2	0.9207945466041565	935	distilbert-base-uncased-emotion
8	0	s_2455_85_0	0.9207935333251953	936	distilbert-base-uncased-emotion
8	0	s_1913_451_2	0.9207812547683716	937	distilbert-base-uncased-emotion
8	0	s_1061_27_2	0.9207789301872253	938	distilbert-base-uncased-emotion
8	0	s_478_344_0	0.9207720756530762	939	distilbert-base-uncased-emotion
8	0	s_1513_1270_0	0.9207711219787598	940	distilbert-base-uncased-emotion
8	0	s_2210_184_0	0.9207451343536377	941	distilbert-base-uncased-emotion
8	0	s_244_201_0	0.9207218885421753	942	distilbert-base-uncased-emotion
8	0	s_1562_852_0	0.9206922054290771	943	distilbert-base-uncased-emotion
8	0	s_2694_198_1	0.9206904172897339	944	distilbert-base-uncased-emotion
8	0	s_2124_997_0	0.9206781387329102	945	distilbert-base-uncased-emotion
8	0	s_2402_1140_0	0.9206733107566833	946	distilbert-base-uncased-emotion
8	0	s_597_117_5	0.9206650257110596	947	distilbert-base-uncased-emotion
8	0	s_1040_498_3	0.920639157295227	948	distilbert-base-uncased-emotion
8	0	s_2044_893_1	0.9206069707870483	949	distilbert-base-uncased-emotion
8	0	s_3023_342_0	0.9205734133720398	950	distilbert-base-uncased-emotion
8	0	s_2215_356_2	0.920559823513031	951	distilbert-base-uncased-emotion
8	0	s_3062_809_1	0.9205531477928162	952	distilbert-base-uncased-emotion
8	0	s_2487_236_0	0.9205483794212341	953	distilbert-base-uncased-emotion
8	0	s_1514_726_75	0.9205309152603149	954	distilbert-base-uncased-emotion
8	0	s_195_696_3	0.9205178022384644	955	distilbert-base-uncased-emotion
8	0	s_2706_430_0	0.9205058813095093	956	distilbert-base-uncased-emotion
8	0	s_1404_60_0	0.920504093170166	957	distilbert-base-uncased-emotion
8	0	s_2349_1007_0	0.9204921722412109	958	distilbert-base-uncased-emotion
8	0	s_2843_752_1	0.9204908609390259	959	distilbert-base-uncased-emotion
8	0	s_1159_350_0	0.9204645156860352	960	distilbert-base-uncased-emotion
8	0	s_2079_120_0	0.9204577207565308	961	distilbert-base-uncased-emotion
8	0	s_3056_1677_0	0.9204535484313965	962	distilbert-base-uncased-emotion
8	0	s_2971_473_2	0.9204337000846863	963	distilbert-base-uncased-emotion
8	0	s_1620_79_4	0.9203921556472778	964	distilbert-base-uncased-emotion
8	0	s_1168_166_10	0.9203596115112305	965	distilbert-base-uncased-emotion
8	0	s_1805_583_1	0.9203593730926514	966	distilbert-base-uncased-emotion
8	0	s_3063_1806_5	0.9203200936317444	967	distilbert-base-uncased-emotion
8	0	s_17_607_5	0.9202936887741089	968	distilbert-base-uncased-emotion
8	0	s_356_158_6	0.920271635055542	969	distilbert-base-uncased-emotion
8	0	s_3042_5_30	0.9202710390090942	970	distilbert-base-uncased-emotion
8	0	s_1888_344_1	0.9202556014060974	971	distilbert-base-uncased-emotion
8	0	s_2560_224_19	0.9202548265457153	972	distilbert-base-uncased-emotion
8	0	s_1450_692_0	0.9202518463134766	973	distilbert-base-uncased-emotion
8	0	s_3056_1398_0	0.9201987981796265	974	distilbert-base-uncased-emotion
8	0	s_952_23_2	0.9201802015304565	975	distilbert-base-uncased-emotion
8	0	s_2509_227_0	0.920162558555603	976	distilbert-base-uncased-emotion
8	0	s_2606_778_0	0.9201611280441284	977	distilbert-base-uncased-emotion
8	0	s_1596_463_3	0.9201599955558777	978	distilbert-base-uncased-emotion
8	0	s_858_58_2	0.920134425163269	979	distilbert-base-uncased-emotion
8	0	s_2354_771_3	0.9201331734657288	980	distilbert-base-uncased-emotion
8	0	s_484_99_4	0.9201254844665527	981	distilbert-base-uncased-emotion
8	0	s_2008_502_2	0.9201152324676514	982	distilbert-base-uncased-emotion
8	0	s_1625_371_4	0.9201139211654663	983	distilbert-base-uncased-emotion
8	0	s_73_404_0	0.920111894607544	984	distilbert-base-uncased-emotion
8	0	s_1111_14_183	0.9200736880302429	985	distilbert-base-uncased-emotion
8	0	s_1703_731_28	0.9200711846351624	986	distilbert-base-uncased-emotion
8	0	s_1116_669_0	0.9200593829154968	987	distilbert-base-uncased-emotion
8	0	s_1271_1992_0	0.9200578927993774	988	distilbert-base-uncased-emotion
8	0	s_3003_425_0	0.9200328588485718	989	distilbert-base-uncased-emotion
8	0	s_2171_665_0	0.9200010299682617	990	distilbert-base-uncased-emotion
8	0	s_2638_1336_0	0.9199872016906738	991	distilbert-base-uncased-emotion
8	0	s_1481_844_2	0.9199844598770142	992	distilbert-base-uncased-emotion
8	0	s_420_9_7	0.919981062412262	993	distilbert-base-uncased-emotion
8	0	s_1382_235_0	0.9199591279029846	994	distilbert-base-uncased-emotion
8	0	s_1692_78_0	0.919955313205719	995	distilbert-base-uncased-emotion
8	0	s_1615_35_6	0.9199332594871521	996	distilbert-base-uncased-emotion
8	0	s_781_226_14	0.919915497303009	997	distilbert-base-uncased-emotion
8	0	s_301_157_2	0.9198824763298035	998	distilbert-base-uncased-emotion
8	0	s_3019_409_0	0.9198801517486572	999	distilbert-base-uncased-emotion
8	0	s_864_228_0	0.9198662638664246	1000	distilbert-base-uncased-emotion
